Model,Accuracy (%),Precision (%),Recall (%),F1-Score (%),FPR (%),Detection Rate (%),AUC-ROC (%),Train Time (s),Epochs Run,Paper Accuracy (%),Delta Accuracy (%),Paper Precision (%),Delta Precision (%),Paper Recall (%),Delta Recall (%),Paper F1-Score (%),Delta F1-Score (%),Paper FPR (%),Delta FPR (%)
LSTM-CNN (Hybrid),99.89114612769158,96.26487011848955,99.95172734070712,97.9220421622565,0.0399038205588079,99.95172734070712,99.99874536603676,3020.7075061798096,43.0,99.87,0.021146127691579863,99.89,-3.6251298815104462,99.85,0.10172734070712863,99.87,-1.9479578377435018,0.13,-0.09009617944119211
CNN,99.47,96.85,97.82,97.2,0.0,99.47,99.99,2855.1,50.0,97.45,2.019999999999996,,,,,,,2.38,-2.38
RNN,98.64,94.85,97.78,95.98,0.0,98.64,99.75,2929.6,50.0,95.78,2.8599999999999994,,,,,,,,
LSTM,99.13,94.36,99.36,96.66,0.0,99.13,99.99,2960.0,50.0,98.34,0.789999999999992,,,,,,,1.58,-1.58
BiLSTM,99.23,96.32,99.39,97.79,0.0,99.23,99.97,3285.8,50.0,98.92,0.3100000000000023,,,,,,,,
GRU,98.93,95.44,97.59,96.28,0.0,98.93,99.52,2945.9,50.0,97.89,1.0400000000000063,,,,,,,2.05,-2.05
