Model,Accuracy (%),Precision (%),Recall (%),F1-Score (%),FPR (%),Detection Rate (%),AUC-ROC (%),Train Time (s),Epochs Run
LSTM-CNN (Hybrid),99.89114612769158,96.26487011848955,99.95172734070712,97.9220421622565,0.0399038205588079,99.95172734070712,99.99874536603676,3020.7075061798096,43.0
CNN,99.47,96.85,97.82,97.2,0.0,99.47,99.99,2855.1,50.0
RNN,98.64,94.85,97.78,95.98,0.0,98.64,99.75,2929.6,50.0
LSTM,99.13,94.36,99.36,96.66,0.0,99.13,99.99,2960.0,50.0
BiLSTM,99.23,96.32,99.39,97.79,0.0,99.23,99.97,3285.8,50.0
GRU,98.93,95.44,97.59,96.28,0.0,98.93,99.52,2945.9,50.0
